<?xml version="1.0" encoding="UTF-8" standalone="yes"?>
<addon id="plugin.video.vietcollection" name="Vietnamese Collection" version="1.0.1" provider-name="DoanNgNguyen">
  <requires>
    <import addon="xbmc.python" version="2.20.0" />
	<import addon="script.module.requests" version="2.9.1"/>
	<import addon="plugin.video.youtube" version="5.3.12"/>
	<import addon="plugin.video.dailymotion_com" version="2.2.3"/>
  </requires>
  <extension point="xbmc.python.pluginsource" library="addon.py">
    <provides>video</provides>
  </extension>
  <extension point="xbmc.addon.metadata">
    <summary lang="en">Viet Media Collection</summary>
    <description lang="en">Thư viện phim ảnh Việt. 
    Nơi đây chứa các đường dẫn (links) đến các Clips bằng tiếng Việt hay gần gũi với người Việt.
    Với mục đích hướng dẫn người dùng hay người nghiên cứu nhanh chóng tìm được đến những tác phẩm,
    đã được các tác giả hay cộng-đồng-mạng chứa trên kho Youtube hay Dailymotion.
    Các đường dẫn này sẽ tự động bị xóa, nếu vì lí do nào đó, người-đưa-lên (Uploader) xóa Clips của mình khỏi Provider Server.
    Các Uploader muốn có Links trong Thư Viện này, xin email đến Video@TongHop.de
    Add-Ons này là bản viết dựa vào bản dùng cho PC ở đây: http://video.tonghop.de
    </description>
    <disclaimer lang="en">Stuttgart in May2017</disclaimer>
    <language>en</language>
    <platform>all</platform>
    <website>http://video.tonghop.de</website>
    <email>video@tonghop.de</email>
  </extension>
</addon>
